Domain,TagSet,Definition,hasSynonym,hasUnit,hasAbbreviation,Highest Superclass,can be named? (can be instantiated?),can be unnamed? (cannot be instantiated?),Author,Reviewed,Review Count,Discussion,,,,,,,,,,,,,,,,,,,,,,,,,
Equipment,Air Handler Unit,"A device used to regulate and circulate air as part of a heating, ventilating, and air-conditioning (HVAC) system (from Wikipedia)",,,AHU,Equipment,O,X,Joern,,,,,,,,,,,,,,,,,,,,,,,,,,,,
Equipment,Variable Air Volume,"A type of heating, ventilating, and/or air-conditioning (HVAC) system. VAV systems vary the airflow at a constant temperature. (from Wikipedia)",,,VAV,Equipment,O,X,Jason,,,,,,,,,,,,,,,,,,,,,,,,,,,,
Equipment,Reheat Coil,A coil which is heated to control the temperature of air being furnished to individual zones.,,,,Equipment,O,X,Jason,,,,,,,,,,,,,,,,,,,,,,,,,,,,
Equipment,Variable Frequency Drive,System that controls chilled water used to cool a building's air and equipment,,,VFD,Equipment,O,X,Bharath,,,,,,,,,,,,,,,,,,,,,,,,,,,,
Equipment,Chilled Water System,,,,,Equipment,O,X,Jason,,,,,,,,,,,,,,,,,,,,,,,,,,,,
Equipment,Heat Exchanger,,,,HX,Equipment,,,Bharath,,,,,,,,,,,,,,,,,,,,,,,,,,,,
Equipment,Computer Room Air Conditioning,,,,CRAC,Equipment,,,Bharath,,,,,,,,,,,,,,,,,,,,,,,,,,,,
Equipment,Fan Coil Unit,,,,FCU,Equipment,,,Josh,,,,,,,,,,,,,,,,,,,,,,,,,,,,
Equipment,Space Heater,,,,,Equipment,O,X,Jason,,,,,,,,,,,,,,,,,,,,,,,,,,,,
Equipment,Fire Control Panel,,,,FCP,Equipment,,,Bharath,,,,,,,,,,,,,,,,,,,,,,,,,,,,
Point,Average Cooling Demand,Average of cooling demand across thermal zones. This could be for one AHU or one floor or entire building,,,,Point,,,Bharath,,,,,,,,,,,,,,,,,,,,,,,,,,,,
Point,Average Supply Air Flow,"Average of supply air to thermal zones. Granurality: AHU, floor, building",,,,Point,,,Bharath,,,,,,,,,,,,,,,,,,,,,,,,,,,,
Point,Average Zone Temperature,,,,,Point,,,Bharath,,,,,,,,,,,,,,,,,,,,,,,,,,,,
Point,Lowest Zone Temperature,,Coldest Zone Temperature,,,Point,,,Bharath,,,,,,,,,,,,,,,,,,,,,,,,,,,,
Point,Highest Zone Temperature,,Warmest Zone Temperature,,,Point,,,Bharath,,,,,,,,,,,,,,,,,,,,,,,,,,,,
Point,Highest Zone Cooling Command,,,,,Point,,,,,,,,,,,,,,,,,,,,,,,,,,,,,,,
Point,Turn Off Sensor,,,,,Point,,,Jason,,,,,,,,,,,,,,,,,,,,,,,,,,,,
Point,Start Stop Command,,,,,Point,,,,,,,,,,,,,,,,,,,,,,,,,,,,,,,
Point,Enable Command,,,,,Point,,,,,,,,,,,,,,,,,,,,,,,,,,,,,,,
Point,Alarm,,,,,Point,,,,,,,,,,,,,,,,,,,,,,,,,,,,,,,
VAV Subdomain,Zone Temperature,Temperature sensor in the thermostat to measure the actual zone temperature,Zone Temperature Sensor,,,Measurement Property,,,,,,,,,,,,,,,,,,,,,,,,,,,,,,,
VAV Subdomain,Zone Temperature Setpoint,A temperature setpoint in charge of a zone.,,Fahrenheit,,Point,O,X,Jason,,,,,,,,,,,,,,,,,,,,,,,,,,,,
VAV Subdomain,Room Temperature,Room Temperature Sensor,,,,Measurement Property,,,,,,,,,,,,,,,,,,,,,,,,,,,,,,,
VAV Subdomain,Room Temperature Setpoint,,,Fahrenheit,,Point,,,,,,,,,,,,,,,,,,,,,,,,,,,,,,,
VAV Subdomain,Effective Heating Temperature Setpoint,,,,,Point,,,Bharath,,,,,,,,,,,,,,,,,,,,,,,,,,,,
VAV Subdomain,Effective Cooling Temperature Setpoint,,,,,Point,,,Bharath,,,,,,,,,,,,,,,,,,,,,,,,,,,,
VAV Subdomain,Occupied Heating Temperature Dead Band,,,,,Point,,,,,,,,,,,,,,,,,,,,,,,,,,,,,,,
VAV Subdomain,Occupied Cooling Temperature Dead Band,,,,,Point,,,,,,,,,,,,,,,,,,,,,,,,,,,,,,,
VAV Subdomain,Unoccupied Heating Temperature Setpoint,,,,,Point,,,Bharath,,,,,,,,,,,,,,,,,,,,,,,,,,,,
VAV Subdomain,Unoccupied Cooling Temperature Setpoint,,,,,Point,,,Bharath,,,,,,,,,,,,,,,,,,,,,,,,,,,,
VAV Subdomain,Temperature Adjustment,User's delta command to control temperature setpoint in thermostat,,,,Point,O,X,Jason,,,,,,,,,,,,,,,,,,,,,,,,,,,,
VAV Subdomain,Temporary Occupancy Status,Sensor that indicates the button on thermostat has been pressed on weekend/nights. Typically turns On HVAC for a set number of hours.,,,,Point,O,X,Jason,,,,,,,,,,,,,,,,,,,,,,,,,,,,
VAV Subdomain,Reheat Valve,,,,,Equipment,O,X,Jason,,,,,,,,,,,,,,,,,,,,,,,,,,,,
VAV Subdomain,Reheat Valve Command,,,,,Point,O,X,Jason,,,,,,,,,,,,,,,,,,,,,,,,,,,,
VAV Subdomain,Heating Valve Command,,,,,Point,O,X,Jason,,,,,,,,,,,,,,,,,,,,,,,,,,,,
VAV Subdomain,Discharge Air,,,,,Resource,,,,,,,,,,,,,,,,,,,,,,,,,,,,,,,
VAV Subdomain,Discharge Air Flow,Discharge Air Flow Sensor,"Supply Air Flow,supply air flow,Discharge Air Flow Sensor",,,Measurement Property,,,,,,,,,,,,,,,,,,,,,,,,,,,,,,,
VAV Subdomain,Discharge Air Flow Command,,,,,Point,,,Josh,,,,,,,,,,,,,,,,,,,,,,,,,,,,
VAV Subdomain,Discharge Air Flow Setpoint,,Supply Air Flow Setpoint,,,Point,O,X,Jason,,,,,,,,,,,,,,,,,,,,,,,,,,,,
VAV Subdomain,Discharge Air Temperature,,Discharge Air Temperature Sensor,,,Point,,,,,,,,,,,,,,,,,,,,,,,,,,,,,,,
VAV Subdomain,Cooling Max Discharge Air Flow,,Cooling Max Supply Air Flow,,,Point,O,X,Jason,,,,,,,,,,,,,,,,,,,,,,,,,,,,
VAV Subdomain,Heating Max Discharge Air Flow,,,,,Point,,,,,,,,,,,,,,,,,,,,,,,,,,,,,,,
VAV Subdomain,Heating Min Discharge Air Flow,,,,,Point,,,,,,,,,,,,,,,,,,,,,,,,,,,,,,,
VAV Subdomain,Occupied Cooling Max Discharge Air Flow,,,,,Point,,,Bharath,,,,,,,,,,,,,,,,,,,,,,,,,,,,
VAV Subdomain,Occupied Heating Max Discharge Air Flow,,,,,Point,,,Bharath,,,,,,,,,,,,,,,,,,,,,,,,,,,,
VAV Subdomain,Occupied Heating Min Discharge Air Flow,,,,,Point,,,Bharath,,,,,,,,,,,,,,,,,,,,,,,,,,,,
VAV Subdomain,Occupied Cooling Min Discharge Air Flow,,Occupied Cooling Min Supply Air Flow,,,Point,O,X,Jason,,,,,,,,,,,,,,,,,,,,,,,,,,,,
VAV Subdomain,Cooling Min Discharge Air Flow,,Cooling Min Supply Air Flow,,,Point,,,,,,,,,,,,,,,,,,,,,,,,,,,,,,,
VAV Subdomain,Occupied Heating Discharge Air Flow Setpoint,,Occupied Heating Supply Air Flow,,,Point,O,X,Jason,,,,,,,,,,,,,,,,,,,,,,,,,,,,
VAV Subdomain,Occupied Cooling Discharge Air Flow Setpoint,,,,,Point,,,Bharath,,,,,,,,,,,,,,,,,,,,,,,,,,,,
VAV Subdomain,Unoccupied Cooling Discharge Air Flow Setpoint,,,,,Point,,,,,,,,,,,,,,,,,,,,,,,,,,,,,,,
VAV Subdomain,Variable Air Volume Box,,,,,Equipment,O,X,Jason,,,,,,,,,,,,,,,,,,,,,,,,,,,,
VAV Subdomain,Heating Discharge Air Flow Setpoint,,,,,Point,,,Jason,,,,,,,,,,,,,,,,,,,,,,,,,,,,
VAV Subdomain,VAV Box Mode,,,,,Point,,,Bharath,,,,,,,,,,,,,,,,,,,,,,,,,,,,
VAV Subdomain,Heating Command,,,,,Point,O,X,Jason,,,,,,,,,,,,,,,,,,,,,,,,,,,,
VAV Subdomain,Cooling Command,,,,,Point,O,X,Jason,,,,,,,,,,,,,,,,,,,,,,,,,,,,
VAV Subdomain,Occupancy Command,,Occupied Command,,,Point,O,X,Jason,,,,,,,,,,,,,,,,,,,,,,,,,,,,
VAV Subdomain,Occupancy Sensor,,,,,Point,O,X,Jason,,,,,,,,,,,,,,,,,,,,,,,,,,,,
VAV Subdomain,Damper Command,,,,,Point,O,X,Jason,,,,,,,,,,,,,,,,,,,,,,,,,,,,
VAV Subdomain,Damper Position,,,,,Measurement Property,O,X,Jason,,,,,,,,,,,,,,,,,,,,,,,,,,,,
VAV Subdomain,Damper Position Sensor,,,,,Point,,,,,,,,,,,,,,,,,,,,,,,,,,,,,,,
VAV Subdomain,Booster Fan,,,,,Equipment,O,X,Jason,,,,,,,,,,,,,,,,,,,,,,,,,,,,
VAV Subdomain,Booster Fan Start Stop Command,,Booster Fan Command,,,Point,O,X,Jason,,,,,,,,,,,,,,,,,,,,,,,,,,,,
VAV Subdomain,Booster Fan Air Flow,,Booster Fan Air Flow Sensor,,,Measurement Property,,,,,,,,,,,,,,,,,,,,,,,,,,,,,,,
VAV Subdomain,CO2 Sensor,,CO2 Level,,,Point,O,X,Jason,,,,,,,,,,,,,,,,,,,,,,,,,,,,
VAV Subdomain,Discharge Air Velocity Pressure,,Supply Air Velocity Pressure,,,Measurement Property,,,Bharath,,,,,,,,,,,,,,,,,,,,,,,,,,,,
VAV Subdomain,Discharge Air Velocity Pressure Sensor,,,,,Sensor,,,,,,,,,,,,,,,,,,,,,,,,,,,,,,,
VAV Subdomain,Schedule,,,,,,,,Josh,,,,,,,,,,,,,,,,,,,,,,,,,,,,
Fume Hood Subdomain,Fume Hood Air Flow Sensor,,,,,Point,,,Bharath,,,,,,,,,,,,,,,,,,,,,,,,,,,,
Fume Hood Subdomain,Emergency Air Flow Status,Binary value indicating if emergency air flow is on/off,,,,Point,,,Bharath,,,,,,,,,,,,,,,,,,,,,,,,,,,,
Fume Hood Subdomain,Emergency Push Button Status,,,,,Point,,,Bharath,,,,,,,,,,,,,,,,,,,,,,,,,,,,
Fume Hood Subdomain,Fume Hood Alarm,,,,,Point,,,Bharath,,,,,,,,,,,,,,,,,,,,,,,,,,,,
Fume Hood Subdomain,Fume Hood Sash Position,,,,,Point,,,Bharath,,,,,,,,,,,,,,,,,,,,,,,,,,,,
Research Lab Environments Subdomain,Cold Box,A room maintained at cold temperature for storing specimens and chemicals,,,,Equipment,,,Bharath,,,,,,,,,,,,,,,,,,,,,,,,,,,,
Research Lab Environments Subdomain,Environment Box,Special temperature room for labs,,,,Equipment,,,Bharath,,,,,,,,,,,,,,,,,,,,,,,,,,,,
Research Lab Environments Subdomain,Hot Box,Room maintained at high temperature for labs,,,,Equipment,,,Bharath,,,,,,,,,,,,,,,,,,,,,,,,,,,,
Research Lab Environments Subdomain,Freezer,Freezer rooms,,,,Equipment,,,Bharath,,,,,,,,,,,,,,,,,,,,,,,,,,,,
Research Lab Environments Subdomain,Cold Box Temperature,,,,,Measurement Property,,,Bharath,,,,,,,,,,,,,,,,,,,,,,,,,,,,
Research Lab Environments Subdomain,Hot Box Temperature,,,,,Measurement Property,,,Bharath,,,,,,,,,,,,,,,,,,,,,,,,,,,,
Research Lab Environments Subdomain,Freezer Temperature,,,,,Measurement Property,,,Bharath,,,,,,,,,,,,,,,,,,,,,,,,,,,,
Research Lab Environments Subdomain,Environment Box Temperature,,,,,Measurement Property,,,Bharath,,,,,,,,,,,,,,,,,,,,,,,,,,,,
AHU Subdomain,Change Filter Alarm,Alarm to change dirty filter,,,,Point,,,Bharath,,,,,,,,,,,,,,,,,,,,,,,,,,,,
AHU Subdomain,Pre Filter Status,Pre-filter filters large particles. Point indicates the if filter is dirty,,,,Point,,,Bharath,,,,,,,,,,,,,,,,,,,,,,,,,,,,
AHU Subdomain,Filter Status,,,,,Point,,,Bharath,,,,,,,,,,,,,,,,,,,,,,,,,,,,
AHU Subdomain,Filter Differential Pressure,,,,,Measurement Property,,,Bharath,,,,,,,,,,,,,,,,,,,,,,,,,,,,
AHU Subdomain,Preheat Hot Water Valve,,,,,Equipment,,,Jason,,,,,,,,,,,,,,,,,,,,,,,,,,,,
AHU Subdomain,Return Air Preheat Valve Command,,,,,Point,,,Josh,,,,,,,,,,,,,,,,,,,,,,,,,,,,
AHU Subdomain,Preheat VFD,,,,,Equipment,,,Josh,,,,,,,,,,,,,,,,,,,,,,,,,,,,
AHU Subdomain,Preheat Supply Air Temperature,,,,,Measurement Property,,,Josh,,,,,,,,,,,,,,,,,,,,,,,,,,,,
AHU Subdomain,Preheat Demand,,,,,Point,,,Josh,,,,,,,,,,,,,,,,,,,,,,,,,,,,
AHU Subdomain,Run Request,,Request to have AHU turn on,,,Point,,,Josh,,,,,,,,,,,,,,,,,,,,,,,,,,,,
AHU Subdomain,Chilled Water Valve,,,,,Equipment,,,Jason,,,,,,,,,,,,,,,,,,,,,,,,,,,,
AHU Subdomain,Fan Run Request,Request from AHU for the fan to run,Call For Fan Run,,,Point,,,Bharath,,,,,,,,,,,,,,,,,,,,,,,,,,,,
AHU Subdomain,VAV Heat Request,,,,,Point,,,Josh,,,,,,,,,,,,,,,,,,,,,,,,,,,,
AHU Subdomain,Heat Request Percent,,,,,Point,,,Josh,,,,,,,,,,,,,,,,,,,,,,,,,,,,
AHU Subdomain,VAV Cooling Request,,,,,Point,,,Josh,,,,,,,,,,,,,,,,,,,,,,,,,,,,
AHU Subdomain,Cooling Request Percent,,,,,Point,,,Josh,,,,,,,,,,,,,,,,,,,,,,,,,,,,
AHU Subdomain,Building Static Pressure Setpoint,,,,,Point,,,,,,,,,,,,,,,,,,,,,,,,,,,,,,,
AHU Subdomain,Building Static Pressure Sensor,,,,,Point,,,Bharath,,,,,,,,,,,,,,,,,,,,,,,,,,,,
AHU Subdomain,,,,,,,,,,,,,,,,,,,,,,,,,,,,,,,,,,,,,
AHU Subdomain,AHU System Enable,,,,,Point,,,Bharath,,,,,,,,,,,,,,,,,,,,,,,,,,,,
AHU Subdomain,System Shutdown Command,,Shutdown Command,,,Point,,,Bharath,,,,,,,,,,,,,,,,,,,,,,,,,,,,
AHU Subdomain,System Shutdown Status,,,,,,,,,,,,,,,,,,,,,,,,,,,,,,,,,,,,
AHU Subdomain,AHU Fire Control Panel On,,,,,Point,,,Bharath,,,,,,,,,,,,,,,,,,,,,,,,,,,,
AHU Subdomain,AHU Fire Control Panel Off,,,,,Point,,,Bharath,,,,,,,,,,,,,,,,,,,,,,,,,,,,
AHU Subdomain,,,,,,,,,,,,,,,,,,,,,,,,,,,,,,,,,,,,,
AHU Subdomain,Max Discharge Air Static Pressure Setpoint,,,,,Point,,,Bharath,,,,,,,,,,,,,,,,,,,,,,,,,,,,
AHU Subdomain,Min Discharge Air Static Pressure Setpoint,,,,,Point,,,Bharath,,,,,,,,,,,,,,,,,,,,,,,,,,,,
AHU Subdomain,Discharge Air Static Pressure Dead Band,,Supply Air Static Pressure Dead Band,,,Point,,,Bharath,,,,,,,,,,,,,,,,,,,,,,,,,,,,
AHU Subdomain,Discharge Air Static Pressure Proportional Band,,Supply Air Static Pressure Proportional Band,,,Point,,,Bharath,,,,,,,,,,,,,,,,,,,,,,,,,,,,
AHU Subdomain,Discharge Air Static Pressure Integral Time,,Supply Air Static Pressure Integral Time,,,Point,,,Bharath,,,,,,,,,,,,,,,,,,,,,,,,,,,,
AHU Subdomain,Discharge Air Static Pressure Setpoint,,supply air static pressure setpoint,,,Point,,,Bharath,,,,,,,,,,,,,,,,,,,,,,,,,,,,
AHU Subdomain,Discharge Air Static Pressure Sensor,,supply air static pressure sensor,,,Point,,,,,,,,,,,,,,,,,,,,,,,,,,,,,,,
AHU Subdomain,Discharge Air Static Pressure Increase Decrease Step,,,,,Point,,,Bharath,,,,,,,,,,,,,,,,,,,,,,,,,,,,
AHU Subdomain,Discharge Air Temperature,,"Supply Air Temperature,Discharge Air Temperature Sensor,Supply Air Temperature Sensor",,,Measurement Property,,,Jason,,,Supply Air Temperature,,,,,,,,,,,,,,,,,,,,,,,,,
AHU Subdomain,Discharge Air Temperature Dead Band,,,,,Point,,,,,,,,,,,,,,,,,,,,,,,,,,,,,,,
AHU Subdomain,Discharge Air Temperature Proportional Band,,,,,Point,,,,,,,,,,,,,,,,,,,,,,,,,,,,,,,
AHU Subdomain,Discharge Air Temperature Integral Time,,,,,Point,,,,,,,,,,,,,,,,,,,,,,,,,,,,,,,
AHU Subdomain,Max Discharge Air Temperature,,,,,Point,,,Bharath,,,,,,,,,,,,,,,,,,,,,,,,,,,,
AHU Subdomain,Min Discharge Air Temperature,,,,,Point,,,Bharath,,,,,,,,,,,,,,,,,,,,,,,,,,,,
AHU Subdomain,Max VFD Speed To Increase Static Pressure Setpoint,,,,,Point,,,Bharath,,,,,,,,,,,,,,,,,,,,,,,,,,,,
AHU Subdomain,Min VFD Speed To Increase Static Pressure Setpoint,,,,,Point,,,Bharath,,,,,,,,,,,,,,,,,,,,,,,,,,,,
AHU Subdomain,Discharge Air Temperature Setpoint Increase Decrease Step,,,,,Point,,,Bharath,,,,,,,,,,,,,,,,,,,,,,,,,,,,
AHU Subdomain,Underfloor Temperature Sensor,,,,,Point,,,Bharath,,,,,,,,,,,,,,,,,,,,,,,,,,,,
AHU Subdomain,Mixed Air Temperature Sensor,,,,,Point,,,Jason,,,,,,,,,,,,,,,,,,,,,,,,,,,,
AHU Subdomain,Return Air Temperature Sensor,,,,,Point,,,Jason,,,,,,,,,,,,,,,,,,,,,,,,,,,,
AHU Subdomain,Discharge Air Temperature Reset Differential,,,,,Point,,,Bharath,,,,,,,,,,,,,,,,,,,,,,,,,,,,
AHU Subdomain,Discharge Air Temperature Setpoint,,Supply Air Temperature Setpoint,,,Point,,,Jason,,,,,,,,,,,,,,,,,,,,,,,,,,,,
AHU Subdomain,Return Air Temperature High Limit Alarm,,,,,Point,,,Bharath,,,,,,,,,,,,,,,,,,,,,,,,,,,,
AHU Subdomain,Discharge Air Temperature High Limit Alarm,,Supply Air Temperature High Limit Alarm,,,Point,,,,,,,,,,,,,,,,,,,,,,,,,,,,,,,
AHU Subdomain,,,,,,,,,,,,,,,,,,,,,,,,,,,,,,,,,,,,,
AHU Subdomain,,,,,,,,,,,,,,,,,,,,,,,,,,,,,,,,,,,,,
AHU Subdomain,Mixed Air Filter,,,,,Equipment,,,Jason,,,,,,,,,,,,,,,,,,,,,,,,,,,,
AHU Subdomain,Return Air,,,,,Resource,,,Jason,,,,,,,,,,,,,,,,,,,,,,,,,,,,
AHU Subdomain,Mixed Air,,,,,Resource,,,Jason,,,,,,,,,,,,,,,,,,,,,,,,,,,,
AHU Subdomain,Return Air Flow,,,,,Measurement Property,,,Jason,,,,,,,,,,,,,,,,,,,,,,,,,,,,
AHU Subdomain,Return Air Flow Sensor,,,,,Point,,,Jason,,,,,,,,,,,,,,,,,,,,,,,,,,,,
AHU Subdomain,Outside Air,,,,,Resource,,,Jason,,,,,,,,,,,,,,,,,,,,,,,,,,,,
AHU Subdomain,Outside Air Flow,,,,,Measurement Property,,,Jason,,,,,,,,,,,,,,,,,,,,,,,,,,,,
AHU Subdomain,Outside Air Flow Sensor,,,,,Point,,,Jason,,,,,,,,,,,,,,,,,,,,,,,,,,,,
AHU Subdomain,Outside Min Air Flow,,,,,Point,,,Jason,,,,,,,,,,,,,,,,,,,,,,,,,,,,
AHU Subdomain,,,,,,,,,,,,,,,,,,,,,,,,,,,,,,,,,,,,,
AHU Subdomain,Discharge Air Smoke Detected,,,,,Point,,,Bharath,,,,,,,,,,,,,,,,,,,,,,,,,,,,
AHU Subdomain,Discharge Air Fan,,Supply Fan,,,Equipment,,,Jason,,,Supply Air Fan ? Flow?,,,,,,,,,,,,,,,,,,,,,,,,,
AHU Subdomain,Discharge Air Flow Demand,,,,,Point,,,Josh,,,,,,,,,,,,,,,,,,,,,,,,,,,,
AHU Subdomain,Discharge Air Cooling Demand High,,,,,Point,,,Bharath,,,,,,,,,,,,,,,,,,,,,,,,,,,,
AHU Subdomain,Discharge Air Cooling Demand Low,,,,,Point,,,Bharath,,,,,,,,,,,,,,,,,,,,,,,,,,,,
AHU Subdomain,Discharge Air Flow Reset High Sensor,,,,,Point,,,Bharath,,,,,,,,,,,,,,,,,,,,,,,,,,,,
AHU Subdomain,Discharge Air Flow Reset Low Sensor,,,,,Point,,,Bharath,,,,,,,,,,,,,,,,,,,,,,,,,,,,
AHU Subdomain,Cooling Discharge Air Temperature Dead Band,,,,,Point,,,Bharath,,,,,,,,,,,,,,,,,,,,,,,,,,,,
AHU Subdomain,Cooling Discharge Air Temperature Proportional Band,,,,,Point,,,Bharath,,,,,,,,,,,,,,,,,,,,,,,,,,,,
AHU Subdomain,Cooling Discharge Air Temperature Integral Time,,,,,Point,,,Bharath,,,,,,,,,,,,,,,,,,,,,,,,,,,,
AHU Subdomain,Heating Discharge Air Temperature Dead Band,,,,,Point,,,Bharath,,,,,,,,,,,,,,,,,,,,,,,,,,,,
AHU Subdomain,Heating Discharge Air Temperature Proportional Band,,,,,Point,,,Bharath,,,,,,,,,,,,,,,,,,,,,,,,,,,,
AHU Subdomain,Heating Discharge Air Temperature Integral Time,,,,,Point,,,Bharath,,,,,,,,,,,,,,,,,,,,,,,,,,,,
AHU Subdomain,Fan Start Stop Status,,,,,Point,,,Jason,,,,,,,,,,,,,,,,,,,,,,,,,,,,
AHU Subdomain,Fan Air Flow,,Fan Air Flow Sensor,,,Measurement Property,,,Jason,,,,,,,,,,,,,,,,,,,,,,,,,,,,
AHU Subdomain,Exhaust Air Damper,,,,,Equipment,,,Josh,,,,,,,,,,,,,,,,,,,,,,,,,,,,
AHU Subdomain,Outside Air Damper Position,,,,,Point,,,Jason,,,,,,,,,,,,,,,,,,,,,,,,,,,,
AHU Subdomain,Outside Air Damper Position Command,,,,,Point,,,Josh,,,,,,,,,,,,,,,,,,,,,,,,,,,,
AHU Subdomain,Mixed Air Damper Position,,Bypass Damper Position,,,Point,,,Jason,,,,,,,,,,,,,,,,,,,,,,,,,,,,
AHU Subdomain,Mixed Air Damper Position Command,,,,,Point,,,Josh,,,,,,,,,,,,,,,,,,,,,,,,,,,,
AHU Subdomain,Outside Air Damper Min Position Setpoint,Part of economizer to ensure minimum air flow,Economizer Damper Min Position Setpoint,,,Point,,,Bharath,,,,,,,,,,,,,,,,,,,,,,,,,,,,
AHU Subdomain,Economizer Discharge Air Temperature Proportional Band,,,,,Point,,,Bharath,,,,,,,,,,,,,,,,,,,,,,,,,,,,
AHU Subdomain,Economizer Discharge Air Temperature Dead Band,,,,,Point,,,Bharath,,,,,,,,,,,,,,,,,,,,,,,,,,,,
AHU Subdomain,Economizer Differential Air Temperature Setpoint,Difference between return air flow and outside air flow,,,,Point,,,Bharath,,,,,,,,,,,,,,,,,,,,,,,,,,,,
AHU Subdomain,Face Bypass Damper,,,,,Equipment,,,Jason,,,,,,,,,,,,,,,,,,,,,,,,,,,,
AHU Subdomain,Bypass Air Flow Sensor,,,,,Point,,,Josh,,,,,,,,,,,,,,,,,,,,,,,,,,,,
AHU Subdomain,Return Air Humidity,,,,,Measurement Property,,,,,,,,,,,,,,,,,,,,,,,,,,,,,,,
AHU Subdomain,Return Air Humidity Sensor,,,,,Point,,,,,,,,,,,,,,,,,,,,,,,,,,,,,,,
AHU Subdomain,Outside Air Humidity,,,,,Measurement Property,,,Josh,,,,,,,,,,,,,,,,,,,,,,,,,,,,
AHU Subdomain,Outside Air Humidity Sensor,,,,,Point,,,,,,,,,,,,,,,,,,,,,,,,,,,,,,,
AHU Subdomain,CO2 Differential,,,,,Point,,,Bharath,,,,,,,,,,,,,,,,,,,,,,,,,,,,
AHU Subdomain,Outside Air CO2,,,,,Measurement Property,,,Jason,,,,,,,,,,,,,,,,,,,,,,,,,,,,
AHU Subdomain,Outside Air CO2 Sensor,,,,,Point,,,,,,,,,,,,,,,,,,,,,,,,,,,,,,,
AHU Subdomain,Outside Air Dewpoint,,,,,Measurement Property,,,Josh,,,,,,,,,,,,,,,,,,,,,,,,,,,,
AHU Subdomain,Outside Air Dewpoint Sensor,,,,,Point,,,,,,,,,,,,,,,,,,,,,,,,,,,,,,,
AHU Subdomain,Outside Air Enthalpy,,,,,Measurement Property,,,Josh,,,,,,,,,,,,,,,,,,,,,,,,,,,,
AHU Subdomain,Outside Air Enthalpy Sensor,,,,,Point,,,,,,,,,,,,,,,,,,,,,,,,,,,,,,,
AHU Subdomain,Outside Air grains,,,,,Measurement Property,,,Josh,,,,,,,,,,,,,,,,,,,,,,,,,,,,
AHU Subdomain,Return Air CO2,,,,,Measurement Property,,,Josh,,,,,,,,,,,,,,,,,,,,,,,,,,,,
AHU Subdomain,Return Air CO2 Sensor,,,,,Point,,,,,,,,,,,,,,,,,,,,,,,,,,,,,,,
AHU Subdomain,Return Air Dewpoint,,,,,Measurement Property,,,Josh,,,,,,,,,,,,,,,,,,,,,,,,,,,,
AHU Subdomain,Return Air Dewpoint Sensor,,,,,Point,,,,,,,,,,,,,,,,,,,,,,,,,,,,,,,
AHU Subdomain,Return Air Enthalpy,,,,,Measurement Property,,,Josh,,,,,,,,,,,,,,,,,,,,,,,,,,,,
AHU Subdomain,Return Air Enthalpy Sensor,,,,,Point,,,,,,,,,,,,,,,,,,,,,,,,,,,,,,,
AHU Subdomain,Return Air grains,,,,,Measurement Property,,,Josh,,,,,,,,,,,,,,,,,,,,,,,,,,,,
AHU Subdomain,Max Return Air CO2 Setpoint,,,,,Point,,,Josh,,,,,,,,,,,,,,,,,,,,,,,,,,,,
AHU Subdomain,,,,,,,,,,,,,,,,,,,,,,,,,,,,,,,,,,,,,
AHU Subdomain,AHU Overridden On,Indicates if the AHU has been manually overridden to be On,,,,Point,,,Bharath,,,,,,,,,,,,,,,,,,,,,,,,,,,,
AHU Subdomain,AHU Overridden Off,Indicates if the AHU has been manually overridden to be Off,,,,Point,,,Bharath,,,,,,,,,,,,,,,,,,,,,,,,,,,,
AHU Subdomain,,,,,,,,,,,,,,,,,,,,,,,,,,,,,,,,,,,,,
AHU Subdomain,,,,,,,,,,,,,,,,,,,,,,,,,,,,,,,,,,,,,
AHU Subdomain,Static Pressure,Static Pressure in the supply duct,,,,Measurement Property,,,Marco,,,,,,,,,,,,,,,,,,,,,,,,,,,,
AHU Subdomain,Static Pressure Sensor,,,,,Point,,,,,,,,,,,,,,,,,,,,,,,,,,,,,,,
AHU Subdomain,Static Pressure Max Setpoint,Max Static Pressure in the supply duct (per Design),,,,Point,,,Marco,,,,,,,,,,,,,,,,,,,,,,,,,,,,
AHU Subdomain,Static Pressure Min Setpoint,,,,,Point,,,Bharath,,,,,,,,,,,,,,,,,,,,,,,,,,,,
AHU Subdomain,Outside Air Temperature,@ inlet of the AHU,,,,Measurement Property,,,Marco,,,,,,,,,,,,,,,,,,,,,,,,,,,,
AHU Subdomain,Outside Air Temperature Sensor,,,,,Point,,,,,,,,,,,,,,,,,,,,,,,,,,,,,,,
AHU Subdomain,Outside Air Lockout Temperature Setpoint,Temperature at which chiller stops cooling because outside air is too cold already,,,,Point,,,Bharath,,,,,,,,,,,,,,,,,,,,,,,,,,,,
AHU Subdomain,Outside Air Lockout Temperature Differential,Difference between measured temperature and lockout setpoint,,,,Point,,,Bharath,,,,,,,,,,,,,,,,,,,,,,,,,,,,
AHU Subdomain,Low Outside Air Temperature Enable Setpoint,"Temperature at which outside air is ""Low""",,,,Point,,,Bharath,,,,,,,,,,,,,,,,,,,,,,,,,,,,
AHU Subdomain,Low Outside Air Temperature Enable Differential,,,,,Point,,,Bharath,,,,,,,,,,,,,,,,,,,,,,,,,,,,
AHU Subdomain,Outside Air Temperature High Reset Setpoint,,,,,Point,,,Bharath,,,,,,,,,,,,,,,,,,,,,,,,,,,,
AHU Subdomain,Outside Air Temperature Low Reset Setpoint,,,,,Point,,,Bharath,,,,,,,,,,,,,,,,,,,,,,,,,,,,
AHU Subdomain,Mixed Air Temperature Setpoint,,,,,Point,,,Marco,,,,,,,,,,,,,,,,,,,,,,,,,,,,
AHU Subdomain,Occupied Mode,virtual point used for controls,,,,Point,,,Marco,,,,,,,,,,,,,,,,,,,,,,,,,,,,
AHU Subdomain,Unoccupied Mode,virtual point used for controls,,,,Point,,,Marco,,,,,,,,,,,,,,,,,,,,,,,,,,,,
AHU Subdomain,DualBand Mode,virtual point used for controls,,,,Point,,,Marco,,,,,,,,,,,,,,,,,,,,,,,,,,,,
AHU Subdomain,Economizer Mode,virtual point used for controls,Economizer Status,,,Point,,,Marco,,,,,,,,,,,,,,,,,,,,,,,,,,,,
AHU Subdomain,Economizer Damper Command,,,,,Point,,,Jason,,,"(Maybe synonymous to Economizer Mode?, Jason)",,,,,,,,,,,,,,,,,,,,,,,,,
AHU Subdomain,Economizer Outside Air Flow Setpoint,,,,,Point,,,Bharath,,,,,,,,,,,,,,,,,,,,,,,,,,,,
AHU Subdomain,,,,,,,,,,,,,,,,,,,,,,,,,,,,,,,,,,,,,
AHU Subdomain,Return Fan,,,,,Equipment,,,Bharath,,,,,,,,,,,,,,,,,,,,,,,,,,,,
AHU Subdomain,Return Fan Start Stop Command,,Return Fan Command,,,Point,,,Jason,,,,,,,,,,,,,,,,,,,,,,,,,,,,
AHU Subdomain,Supply Fan Start Stop Command,,Supply Fan Command,,,Point,,,Jason,,,,,,,,,,,,,,,,,,,,,,,,,,,,
AHU Subdomain,,,,,,,,,,,,,,,,,,,,,,,,,,,,,,,,,,,,,
AHU Subdomain,,,,,,,,,,,,,,,,,,,,,,,,,,,,,,,,,,,,,
AHU Subdomain,,,,,,,,,Bharath,,,,,,,,,,,,,,,,,,,,,,,,,,,,
AHU Subdomain,,,,,,,,,,,,,,,,,,,,,,,,,,,,,,,,,,,,,
AHU Subdomain,,,,,,,,,,,,,,,,,,,,,,,,,,,,,,,,,,,,,
AHU Subdomain,,,,,,,,,,,,,,,,,,,,,,,,,,,,,,,,,,,,,
AHU Subdomain,,,,,,,,,,,,,,,,,,,,,,,,,,,,,,,,,,,,,
AHU Subdomain,Return Fan Differential Speed from Supply Fan,,Return Fan Differential Speed,,,Point,,,Bharath,,,,,,,,,,,,,,,,,,,,,,,,,,,,
AHU Subdomain,VFD Voltage,,,,,Measurement Property,,,Josh,,,,,,,,,,,,,,,,,,,,,,,,,,,,
AHU Subdomain,,,,,,,,,,,,,,,,,,,,,,,,,,,,,,,,,,,,,
AHU Subdomain,,,,,,,,,,,,,,,,,,,,,,,,,,,,,,,,,,,,,
AHU Subdomain,,,,,,,,,,,,,,,,,,,,,,,,,,,,,,,,,,,,,
AHU Subdomain,,,,,,,,,,,,,,,,,,,,,,,,,,,,,,,,,,,,,
AHU Subdomain,Supply Fan Start Stop Status,,supply fan status,,,Point,,,Bharath,,,,,,,,,,,,,,,,,,,,,,,,,,,,
AHU Subdomain,Return Fan Start Stop Status,,return fan status,,,Point,,,Bharath,,,,,,,,,,,,,,,,,,,,,,,,,,,,
AHU Subdomain,Supply Fan Piezoelectric,,Supply Fan Piezoelectric Sensor,,,Measurement Property,,,,,,,,,,,,,,,,,,,,,,,,,,,,,,,
AHU Subdomain,Supply Fan Air Flow,,,,,Measurement Property,,,Bharath,,,,,,,,,,,,,,,,,,,,,,,,,,,,
AHU Subdomain,Return Fan Air Flow,Air flow measurements specific to a fan,,,,Measurement Property,,,Bharath,,,,,,,,,,,,,,,,,,,,,,,,,,,,
AHU Subdomain,,,,,,,,,Josh,,,,,,,,,,,,,,,,,,,,,,,,,,,,
AHU Subdomain,AHU auto cooling setpoint,,,,,Point,,,Josh,,,,,,,,,,,,,,,,,,,,,,,,,,,,
AHU Subdomain,AHU current cooling setpoint,,,,,Point,,,Josh,,,,,,,,,,,,,,,,,,,,,,,,,,,,
AHU Subdomain,Zone Temperature High,,,,,Point,,,Josh,,,,,,,,,,,,,,,,,,,,,,,,,,,,
AHU Subdomain,Zone Temperature Low,,,,,Point,,,Josh,,,,,,,,,,,,,,,,,,,,,,,,,,,,
AHU Subdomain,Heat Wheel Voltage,,,,,Measurement Property,,,Josh,,,,,,,,,,,,,,,,,,,,,,,,,,,,
AHU Subdomain,Heat Wheel Speed,,,,,Measurement Property,,,Josh,,,,,,,,,,,,,,,,,,,,,,,,,,,,
AHU Subdomain,Heat Wheel VFD,,,,,Equipment,,,Josh,,,,,,,,,,,,,,,,,,,,,,,,,,,,
AHU Subdomain,Heat Wheel Differential Pressure,,,,,Measurement Property,,,Josh,,,,,,,,,,,,,,,,,,,,,,,,,,,,
AHU Subdomain,Heat Wheel Supply Air Temperature,,,,,Measurement Property,,,Josh,,,,,,,,,,,,,,,,,,,,,,,,,,,,
AHU Subdomain,Highest Floor Demand,,,,,Point,,,,,,,,,,,,,,,,,,,,,,,,,,,,,,,
AHU Subdomain,Condensate Leak Alarm,,,,,Point,,,Jason,,,,,,,,,,,,,,,,,,,,,,,,,,,,
AHU Subdomain,Air Flow Estimation,,Air Flow Calculation,,,Point,,,Jason,,,,,,,,,,,,,,,,,,,,,,,,,,,,
VFD Subdomain,Output Frequency,,,,,Measurement Property,,,Bharath,,,,,,,,,,,,,,,,,,,,,,,,,,,,
VFD Subdomain,Frequency Command,,,,,Point,,,Bharath,,,,,,,,,,,,,,,,,,,,,,,,,,,,
VFD Subdomain,Max Frequency Command,,,,,Point,,,Bharath,,,,,,,,,,,,,,,,,,,,,,,,,,,,
VFD Subdomain,Output Voltage,,,,,Measurement Property,,,Bharath,,,,,,,,,,,,,,,,,,,,,,,,,,,,
VFD Subdomain,Current Limit,Setpoint for max current consumed by VFD,,,,Point,O,X,Bharath,,,,,,,,,,,,,,,,,,,,,,,,,,,,
VFD Subdomain,Last Fault Code,TBD,,,,Point,,,Bharath,,,,,,,,,,,,,,,,,,,,,,,,,,,,
VFD Subdomain,Fault Reset,Command to reset fault status after fixed by operator,,,,Point,,,Bharath,,,,,,,,,,,,,,,,,,,,,,,,,,,,
VFD Subdomain,Fault Indicator,,Fault Status,,,Point,O,X,Bharath,,,,,,,,,,,,,,,,,,,,,,,,,,,,
VFD Subdomain,Filter Reset,Command to reset the filter status,,,,Point,O,X,Bharath,,,,,,,,,,,,,,,,,,,,,,,,,,,,
VFD Subdomain,Panel Lockout Command,,,,,Point,O,X,Bharath,,,,,,,,,,,,,,,,,,,,,,,,,,,,
VFD Subdomain,Rated Speed,Maximum speed specified by manufacturer,,,,Point,O,X,Bharath,,,,,,,,,,,,,,,,,,,,,,,,,,,,
VFD Subdomain,Speed Command,,,,,Point,,,Bharath,,,,,,,,,,,,,,,,,,,,,,,,,,,,
VFD Subdomain,Motor Speed,,,,,Measurement Property,,,Jason,,,,,,,,,,,,,,,,,,,,,,,,,,,,
VFD Subdomain,Run Direction Command,Command to change VFD direction,Motor Direction Command,,,Point,O,X,Bharath,,,,,,,,,,,,,,,,,,,,,,,,,,,,
VFD Subdomain,Run Direction Status,Status of VFD direction. Synonym,Motor Direction Status,,,Point,O,X,Bharath,,,,,,,,,,,,,,,,,,,,,,,,,,,,
VFD Subdomain,Run Enable,A command that allows VFD to be used,"VFD Run Enable,Run Enable Command",,,Point,O,X,Bharath,,,,,,,,,,,,,,,,,,,,,,,,,,,,
VFD Subdomain,Run Enable Status,,,,,Point,,,Bharath,,,,,,,,,,,,,,,,,,,,,,,,,,,,
VFD Subdomain,,,,,,,,,,,,,,,,,,,,,,,,,,,,,,,,,,,,,
VFD Subdomain,System Enable,A group of VFDs being enabled or disabled,,,,Point,,,Bharath,,,,,,,,,,,,,,,,,,,,,,,,,,,,
VFD Subdomain,Energy,,,,,Measurement Property,O,X,Bharath,,,,,,,,,,,,,,,,,,,,,,,,,,,,
VFD Subdomain,,,,,,,,,,,,,,,,,,,,,,,,,,,,,,,,,,,,,
VFD Subdomain,Motor Torque,Measured torque,,,,Measurement Property,O,X,Bharath,,,,,,,,,,,,,,,,,,,,,,,,,,,,
VFD Subdomain,DC Bus Voltage,Voltage measured on the communication/control lines,,,,Measurement Property,O,X,Bharath,,,,,,,,,,,,,,,,,,,,,,,,,,,,
VFD Subdomain,Acceleration Time Setpoint,Setpoint for acceleration,,,,Measurement Property,O,X,Bharath,,,,,,,,,,,,,,,,,,,,,,,,,,,,
VFD Subdomain,Deceleration Time Setpoint,Setpoint for deceleration,,,,Measurement Property,O,X,Bharath,,,,,,,,,,,,,,,,,,,,,,,,,,,,
VFD Subdomain,Manual Auto Status,Indicates if it is in manual or auto mode.,Hand Auto Status,,,Point,O,X,Bharath,,,,,,,,,,,,,,,,,,,,,,,,,,,,
VFD Subdomain,Drive Temperature,Measures VFD temperature,,,,Measurement Property,O,X,Bharath,,,,,,,,,,,,,,,,,,,,,,,,,,,,
VFD Subdomain,VFD Start Stop Command,Command to turn on/off VFD,Motor Start Stop Command,,,Point,O,X,Bharath,,,,,,,,,,,,,,,,,,,,,,,,,,,,
VFD Subdomain,VFD Start Stop Status,,Motor Start Stop Status,,,Point,,,Bharath,,,,,,,,,,,,,,,,,,,,,,,,,,,,
VFD Subdomain,,,Run Status,,,Point,,,,,,,,,,,,,,,,,,,,,,,,,,,,,,,
VFD Subdomain,Drive Ready Status,TBD,,,,Measurement Property,O,X,Bharath,,,,,,,,,,,,,,,,,,,,,,,,,,,,
VFD Subdomain,Motor Current,Measured current,Load Current,,,Measurement Property,O,X,Bharath,,,,,,,,,,,,,,,,,,,,,,,,,,,,
VFD Subdomain,Motor Power,,,,,Measurement Property,,,Bharath,,,,,,,,,,,,,,,,,,,,,,,,,,,,
VFD Subdomain,Cooling Valve Command,Can also be part of CRAC,,,,Point,O,X,Jason,,,,,,,,,,,,,,,,,,,,,,,,,,,,
VFD Subdomain,Maintenance Mode,,,,,Point,,,Jason,,,,,,,,,,,,,,,,,,,,,,,,,,,,
VFD Subdomain,Maintenance Required Alarm,,,,,Point,,,Bharath,,,,,,,,,,,,,,,,,,,,,,,,,,,,
VFD Subdomain,VFD Alarm,,,,,Point,,,Bharath,,,,,,,,,,,,,,,,,,,,,,,,,,,,
VFD Subdomain,Run Time,,Running Hours,,,Measurement Property,,,,,,,,,,,,,,,,,,,,,,,,,,,,,,,
VFD Subdomain,VFD Run Status,,,,,Point,,,Jason,,,,,,,,,,,,,,,,,,,,,,,,,,,,
VFD Subdomain,VFD Command,,,,,,,,,,,,,,,,,,,,,,,,,,,,,,,,,,,,
Water System Subdomain,Chilled Water,,,,,Resource,,,Jason,,,,,,,,,,,,,,,,,,,,,,,,,,,,
Water System Subdomain,Chilled Water Pump Start Stop Command,,,,,Point,O,X,Jason,,,,,,,,,,,,,,,,,,,,,,,,,,,,
Water System Subdomain,Chilled Water Pump,,,,,Equipment,O,X,Jason,,,,,,,,,,,,,,,,,,,,,,,,,,,,
Water System Subdomain,Min Chilled Water Differential Pressure Setpoint,,,,,Point,,,Bharath,,,,,,,,,,,,,,,,,,,,,,,,,,,,
Water System Subdomain,Max Chilled Water Differential Pressure Setpoint,,,,,Point,,,Bharath,,,,,,,,,,,,,,,,,,,,,,,,,,,,
Water System Subdomain,Chilled Water Differential Pressure,,,,,Measurement Property,,,Jason,,,,,,,,,,,,,,,,,,,,,,,,,,,,
Water System Subdomain,Chilled Water Differential Pressure Sensor,,,,,Point,,,Bharath,,,,,,,,,,,,,,,,,,,,,,,,,,,,
Water System Subdomain,Chilled Water Differential Pressure Setpoint,,,,,Point,O,X,Jason,,,,,,,,,,,,,,,,,,,,,,,,,,,,
Water System Subdomain,Chilled Water Differential Pressure Integral Time,,,,,Point,,,,,,,,,,,,,,,,,,,,,,,,,,,,,,,
Water System Subdomain,Chilled Water Differential Pressure Dead Band,,,,,Point,,,,,,,,,,,,,,,,,,,,,,,,,,,,,,,
Water System Subdomain,Chilled Water Differential Pressure Proportional Band,,,,,Point,,,,,,,,,,,,,,,,,,,,,,,,,,,,,,,
Water System Subdomain,Chilled Water Differential Pressure Increase Decrease Step,,,,,Point,,,Bharath,,,,,,,,,,,,,,,,,,,,,,,,,,,,
Water System Subdomain,Chilled Water Return Temperature,,,,,Measurement Property,O,X,Jason,,,,,,,,,,,,,,,,,,,,,,,,,,,,
Water System Subdomain,Chilled Water System Enable Command,,,,,Point,O,,Jason,,,,,,,,,,,,,,,,,,,,,,,,,,,,
Water System Subdomain,,,,,,,O,X,Jason,,,,,,,,,,,,,,,,,,,,,,,,,,,,
Water System Subdomain,Cooling Coil,Equipment to cool air using cold water,,,,Equipment,O,X,Jason,,,,,,,,,,,,,,,,,,,,,,,,,,,,
Water System Subdomain,Freeze Status,,,,,Point,O,X,Jason,,,,,,,,,,,,,,,,,,,,,,,,,,,,
Water System Subdomain,Cooling Tower,,,,,Equipment,O,X,Jason,,,,,,,,,,,,,,,,,,,,,,,,,,,,
Water System Subdomain,Cooling Tower Fan,,,,,Equipment,O,X,Jason,,,,,,,,,,,,,,,,,,,,,,,,,,,,
Water System Subdomain,Cooling Tower Fan Speed Setpoint,,,,,Point,O,X,Jason,,,,,,,,,,,,,,,,,,,,,,,,,,,,
Water System Subdomain,Chilled Water Pressure Setpoint,,,,,Point,,,Jason,,,,,,,,,,,,,,,,,,,,,,,,,,,,
Water System Subdomain,Chilled Water Discharge Temperature,,Chilled Water Supply Temperature,,,Measurement Property,,,Jason,,,,,,,,,,,,,,,,,,,,,,,,,,,,
Water System Subdomain,Chilled Water Temperature Differential,Difference between supply and return temperature,,,,Measurement Property,,,Bharath,,,,,,,,,,,,,,,,,,,,,,,,,,,,
Water System Subdomain,Chilled Water Supply Flow,,,,,Measurement Property,,,Bharath,,,,,,,,,,,,,,,,,,,,,,,,,,,,
Water System Subdomain,Chilled Water Bypass Valve Command,,,,,Point,,,Bharath,,,,,,,,,,,,,,,,,,,,,,,,,,,,
Water System Subdomain,Water Discharge Temperature,,Water Supply Temperature,,,Measurement Property,,,Jason,,,,,,,,,,,,,,,,,,,,,,,,,,,,
Water System Subdomain,Hot Water,,,,,Resource,,,Jason,,,,,,,,,,,,,,,,,,,,,,,,,,,,
Water System Subdomain,Hot Water Pump Start Stop Command,,,,,Point,,,Jason,,,,,,,,,,,,,,,,,,,,,,,,,,,,
Water System Subdomain,Pump Start Stop Command,,,,,Point,,,Jason,,,,,,,,,,,,,,,,,,,,,,,,,,,,
Water System Subdomain,Hot Water Pump,,Heat Exchanger Pump,,,Equipment,,,Jason,,,,,,,,,,,,,,,,,,,,,,,,,,,,
Water System Subdomain,Hot Water Static Pressure Setpoint,,,,,Point,,,Jason,,,,,,,,,,,,,,,,,,,,,,,,,,,,
Water System Subdomain,Hot Water Differential Pressure,,,,,Measurement Property,,,Jason,,,,,,,,,,,,,,,,,,,,,,,,,,,,
Water System Subdomain,Hot Water Differential Pressure Setpoint,,,,,Point,,,Jason,,,,,,,,,,,,,,,,,,,,,,,,,,,,
Water System Subdomain,Hot Water Differential Pressure Integral Time,,,,,Point,,,,,,,,,,,,,,,,,,,,,,,,,,,,,,,
Water System Subdomain,Hot Water Differential Pressure Proportional Band,,,,,Point,,,,,,,,,,,,,,,,,,,,,,,,,,,,,,,
Water System Subdomain,Hot Water Differential Pressure Dead Band,,,,,Point,,,,,,,,,,,,,,,,,,,,,,,,,,,,,,,
Water System Subdomain,Hot Water System Enable Command,,,,,Point,,,Jason,,,,,,,,,,,,,,,,,,,,,,,,,,,,
Water System Subdomain,Hot Water Return Temperature,,,,,Measurement Property,,,Jason,,,,,,,,,,,,,,,,,,,,,,,,,,,,
Water System Subdomain,Hot Water Discharge Temperature,,Hot Water Supply Temperature,,,Measurement Property,,,Jason,,,,,,,,,,,,,,,,,,,,,,,,,,,,
Water System Subdomain,High Temperature Hot Water Return Temperature,,,,,Measurement Property,,,,,,,,,,,,,,,,,,,,,,,,,,,,,,,
Water System Subdomain,High Temperature Hot Water Supply Temperature,,,,,Measurement Property,,,,,,,,,,,,,,,,,,,,,,,,,,,,,,,
Water System Subdomain,Medium Temperature Hot Water,,,,,Resource,,,Jason,,,,,,,,,,,,,,,,,,,,,,,,,,,,
Water System Subdomain,Medium Temperature Water Pressure,,,,,Measurement Property,,,,,,,,,,,,,,,,,,,,,,,,,,,,,,,
Water System Subdomain,Medium Temperature Hot Water Return Temperature,,,,,Measurement Property,,,Jason,,,,,,,,,,,,,,,,,,,,,,,,,,,,
Water System Subdomain,Medium Temperature Hot Water Supply Temperature,,,,,Measurement Property,,,Jason,,,,,,,,,,,,,,,,,,,,,,,,,,,,
Water System Subdomain,Medium Temperature Hot Water Discharge Temperature High Reset Setpoint,,,,,Point,,,Jason,,,,,,,,,,,,,,,,,,,,,,,,,,,,
Water System Subdomain,Medium Temperature Hot Water Discharge Temperature Low Reset Setpoint,,,,,Point,,,Jason,,,,,,,,,,,,,,,,,,,,,,,,,,,,
Water System Subdomain,Domestic Hot Water,,,,,Resource,,,Jason,,,,,,,,,,,,,,,,,,,,,,,,,,,,
Water System Subdomain,Domestic Hot Water Valve Command,,,,,Point,,,Bharath,,,,,,,,,,,,,,,,,,,,,,,,,,,,
Water System Subdomain,Domestic Hot Water Supply Temperature,,,,,Measurement Property,,,Bharath,,,,,,,,,,,,,,,,,,,,,,,,,,,,
Water System Subdomain,Domestic Hot Water System,,,,,Equipment,,,,,,,,,,,,,,,,,,,,,,,,,,,,,,,
Water System Subdomain,Domestic Hot Water System Enable,,,,,Point,,,Bharath,,,,,,,,,,,,,,,,,,,,,,,,,,,,
Water System Subdomain,Domestic Hot Water Supply Temperature Setpoint,,,,,Point,,,Bharath,,,,,,,,,,,,,,,,,,,,,,,,,,,,
Water System Subdomain,Domestic Hot Water System Start Stop Command,,,,,Point,,,Bharath,,,,,,,,,,,,,,,,,,,,,,,,,,,,
Water System Subdomain,,,,,,,,,,,,,,,,,,,,,,,,,,,,,,,,,,,,,
Water System Subdomain,Heat Exchanger Supply Water Temperature Setpoint,,,,,Point,,,Bharath,,,,,,,,,,,,,,,,,,,,,,,,,,,,
Water System Subdomain,Heat Exchanger Supply Water Temperature,,,,,Measurement Property,,,Bharath,,,,,,,,,,,,,,,,,,,,,,,,,,,,
Water System Subdomain,Heat Exchanger Supply Water Temperature Proportional Band,,,,,Point,,,Bharath,,,,,,,,,,,,,,,,,,,,,,,,,,,,
Water System Subdomain,Heat Exchanger Supply Water Temperature Integral Time,,,,,Point,,,Bharath,,,,,,,,,,,,,,,,,,,,,,,,,,,,
Water System Subdomain,Heat Exchanger Supply Water Temperature Dead Band,,,,,Point,,,Bharath,,,,,,,,,,,,,,,,,,,,,,,,,,,,
Water System Subdomain,Heat Exchanger Valve Command,,,,,Point,,,Bharath,,,,,,,,,,,,,,,,,,,,,,,,,,,,
Water System Subdomain,Heat Exchanger Valve Status,,,,,Point,,,Bharath,,,,,,,,,,,,,,,,,,,,,,,,,,,,
Water System Subdomain,Heat Exchanger System Enable,,,,,Point,,,Bharath,,,,,,,,,,,,,,,,,,,,,,,,,,,,
Water System Subdomain,Supply Water Temperature Setpoint,,,,,Point,,,Bharath,,,,,,,,,,,,,,,,,,,,,,,,,,,,
Water System Subdomain,Shutdown Hot Water When Unoccupied,,,,,Point,,,Bharath,,,,,,,,,,,,,,,,,,,,,,,,,,,,
Water System Subdomain,Enable Hot Water System Outside Air Temperature Setpoint,,,,,,,,,,,,,,,,,,,,,,,,,,,,,,,,,,,,
Water System Subdomain,Disable Hot Water System Outside Air Temperature Setpoint,,,,,Point,,,Bharath,,,,,,,,,,,,,,,,,,,,,,,,,,,,
Water System Subdomain,Alarm Delay,,,,,Point,,,Bharath,,,,,,,,,,,,,,,,,,,,,,,,,,,,
Water System Subdomain,Open Heating Valve Outside Air Temperature Setpoint,,,,,Point,,,Bharath,,,,,,,,,,,,,,,,,,,,,,,,,,,,
Water System Subdomain,,,,,,,,,,,,,,,,,,,,,,,,,,,,,,,,,,,,,
Water System Subdomain,Pump Enable Status,,,,,Point,,,,,,,,,,,,,,,,,,,,,,,,,,,,,,,
Water System Subdomain,Chilled Water Pump Command,,,,,Point,,,Jason,,,,,,,,,,,,,,,,,,,,,,,,,,,,
Water System Subdomain,Chilled Water Pump Enable,Allows the pump to be used. It is a sensor.,,,,Point,,,Bharath,,,,,,,,,,,,,,,,,,,,,,,,,,,,
Water System Subdomain,Chilled Water Pump Status,,,,,Point,,,,,,,,,,,,,,,,,,,,,,,,,,,,,,,
Water System Subdomain,Chilled Water Pump Differential Pressure Dead Band,,,,,Point,,,Bharath,,,,,,,,,,,,,,,,,,,,,,,,,,,,
Water System Subdomain,Chilled Water Pump Differential Pressure Proportional Band,,,,,Point,,,Bharath,,,,,,,,,,,,,,,,,,,,,,,,,,,,
Water System Subdomain,Chilled Water Pump Differential Pressure Integration Time,,,,,Point,,,Bharath,,,,,,,,,,,,,,,,,,,,,,,,,,,,
Water System Subdomain,Pump Status,,Pump Start Stop Status,,,Point,,,,,,,,,,,,,,,,,,,,,,,,,,,,,,,
Water System Subdomain,Pump Alarm,,,,,Point,,,,,,,,,,,,,,,,,,,,,,,,,,,,,,,
Water System Subdomain,Pump Alarm Delay,,,,,Point,,,,,,,,,,,,,,,,,,,,,,,,,,,,,,,
Water System Subdomain,Hot Water Pump Alarm,,,,,Point,,,,,,,,,,,,,,,,,,,,,,,,,,,,,,,
Water System Subdomain,Chilled Water Pump Alarm Delay,,,,,Point,,,Jason,,,,,,,,,,,,,,,,,,,,,,,,,,,,
Water System Subdomain,Chilled Water Pump Lead Lag,,,,,Point,,,,,,,,,,,,,,,,,,,,,,,,,,,,,,,
Water System Subdomain,Chilled Water Pump Lead Lag Command,,,,,Point,,,,,,,,,,,,,,,,,,,,,,,,,,,,,,,
Water System Subdomain,Pump Lead Lag Command,,Pump Lead On Off,,,Point,,,,,,,,,,,,,,,,,,,,,,,,,,,,,,,
Water System Subdomain,Hot Water Pump Lead Lag Command,,,,,Point,,,,,,,,,,,,,,,,,,,,,,,,,,,,,,,
Water System Subdomain,Valve Command,,,,,Point,,,,,,,,,,,,,,,,,,,,,,,,,,,,,,,
Water System Subdomain,Perimeter Heating Valve Command,,,,,Point,,,Josh,,,,,,,,,,,,,,,,,,,,,,,,,,,,
Water System Subdomain,Deionised Water,Very pure water. Used in research labs,DI Water,,,Resource,,,Bharath,,,,,,,,,,,,,,,,,,,,,,,,,,,,
Water System Subdomain,Deionised Water Alarm,,DI Water Alarm,,,Point,,,Bharath,,,,,,,,,,,,,,,,,,,,,,,,,,,,
Water System Subdomain,Deionised Water Level Sensor,,DI Water Level Sensor,,,Point,,,Bharath,,,,,,,,,,,,,,,,,,,,,,,,,,,,
Water System Subdomain,Deionised Water Conductivity,,,,,Measurement Property,,,Bharath,,,,,,,,,,,,,,,,,,,,,,,,,,,,
Exhaust System Subdomain,Exhaust Air Static Pressure Dead Band,,,,,Point,,,Bharath,,,,,,,,,,,,,,,,,,,,,,,,,,,,
Exhaust System Subdomain,Exhaust Air Static Pressure Proportional Band,,,,,Point,,,Bharath,,,,,,,,,,,,,,,,,,,,,,,,,,,,
Exhaust System Subdomain,Exhaust Air Static Pressure Integral Time,,,,,Point,,,Bharath,,,,,,,,,,,,,,,,,,,,,,,,,,,,
Exhaust System Subdomain,Exhaust Air Static Pressure Setpoint,,,,,Point,,,Bharath,,,,,,,,,,,,,,,,,,,,,,,,,,,,
Exhaust System Subdomain,Exhaust Air Static Pressure Sensor,,,,,Point,,,Bharath,,,,,,,,,,,,,,,,,,,,,,,,,,,,
Exhaust System Subdomain,Average Exhaust Air Static Pressure,,,,,Point,,,Bharath,,,,,,,,,,,,,,,,,,,,,,,,,,,,
Exhaust System Subdomain,Lowest Exhaust Air Static Pressure,,,,,Point,,,Bharath,,,,,,,,,,,,,,,,,,,,,,,,,,,,
Exhaust System Subdomain,Exhaust Air Temperature,,,,,Measurement Property,,,Jason,,,,,,,,,,,,,,,,,,,,,,,,,,,,
Exhaust System Subdomain,Exhaust Air Flow,,,,,Measurement Property,,,Jason,,,,,,,,,,,,,,,,,,,,,,,,,,,,
Exhaust System Subdomain,Exhaust Air Velocity Pressure,,,,,Measurement Property,,,Bharath,,,,,,,,,,,,,,,,,,,,,,,,,,,,
Exhaust System Subdomain,Exhaust Fan,,,,,Equipment,,,Jason,,,,,,,,,,,,,,,,,,,,,,,,,,,,
Exhaust System Subdomain,Exhaust Fan Air Flow Setpoint,,,,,Point,,,Josh,,,,,,,,,,,,,,,,,,,,,,,,,,,,
Exhaust System Subdomain,Exhaust Fan Start Stop Command,,Exhaust Fan Command,,,Point,,,Bharath,,,,,,,,,,,,,,,,,,,,,,,,,,,,
Exhaust System Subdomain,Exhaust Fan Status,,Exhaust Fan Start Stop Status,,,Point,,,Bharath,,,,,,,,,,,,,,,,,,,,,,,,,,,,
Exhaust System Subdomain,Exhaust Fan System Enable,Enable switch for a collection of exhaust fans,,,,Point,,,Bharath,,,,,,,,,,,,,,,,,,,,,,,,,,,,
Exhaust System Subdomain,Exhaust Fan Enable,Enable switch for one particular exhaust fan,,,,Point,,,Bharath,,,,,,,,,,,,,,,,,,,,,,,,,,,,
Exhaust System Subdomain,Exhaust Fan Disable,,,,,Point,,,Bharath,,,,,,,,,,,,,,,,,,,,,,,,,,,,
Exhaust System Subdomain,Exhaust Fan Piezoelectric,,,,,Measurement Property,,,Josh,,,,,,,,,,,,,,,,,,,,,,,,,,,,
Exhaust System Subdomain,Building Exhaust Fans Stage Command,Exhaust fans are typically arranged so that they can be fired in stages as per requirement. This command controls which stage is switched on,,,,Point,,,Bharath,,,,,,,,,,,,,,,,,,,,,,,,,,,,
Exhaust System Subdomain,Exhaust Bypass Damper Command,,,,,Point,,,Bharath,,,,,,,,,,,,,,,,,,,,,,,,,,,,
Exhaust System Subdomain,Exhaust Air Stack Flow Setpoint,,,,,Point,,,Bharath,,,,,,,,,,,,,,,,,,,,,,,,,,,,
Exhaust System Subdomain,Exhaust Air Stack Flow Dead Band,,,,,Point,,,Bharath,,,,,,,,,,,,,,,,,,,,,,,,,,,,
Exhaust System Subdomain,Exhaust Air Stack Flow Integral Time,,,,,Point,,,Bharath,,,,,,,,,,,,,,,,,,,,,,,,,,,,
Exhaust System Subdomain,Exhaust Air Stack Flow Proportional Band,,,,,Point,,,Bharath,,,,,,,,,,,,,,,,,,,,,,,,,,,,
Exhaust System Subdomain,Exhaust Air Stack Flow,,,,,Measurement Property,,,Bharath,,,,,,,,,,,,,,,,,,,,,,,,,,,,
Exhaust System Subdomain,Exhaust Fan Fire Control Panel Off,,,,,Point,,,Bharath,,,,,,,,,,,,,,,,,,,,,,,,,,,,
Exhaust System Subdomain,Exhaust Fan Fire Control Panel On,,,,,Point,,,Bharath,,,,,,,,,,,,,,,,,,,,,,,,,,,,
Exhaust System Subdomain,Exhaust Fan Overridden On,,,,,Point,,,Bharath,,,,,,,,,,,,,,,,,,,,,,,,,,,,
Exhaust System Subdomain,Exhaust Fan Overridden Off,,,,,Point,,,Bharath,,,,,,,,,,,,,,,,,,,,,,,,,,,,
Thermal Energy Storage Subdomain,Thermal Energy,,,,,Measurement Property,,,Jason,,,,,,,,,,,,,,,,,,,,,,,,,,,,
Thermal Energy Storage Subdomain,Thermal Energy Storage Supply Water Differential Pressure Dead Band,,,,,Point,,,Bharath,,,,,,,,,,,,,,,,,,,,,,,,,,,,
Thermal Energy Storage Subdomain,Thermal Energy Storage Supply Water Differential Pressure Integral Time,,,,,Point,,,Bharath,,,,,,,,,,,,,,,,,,,,,,,,,,,,
Thermal Energy Storage Subdomain,Thermal Energy Storage Supply Water Differential Pressure Proportional Band,,,,,Point,,,Bharath,,,,,,,,,,,,,,,,,,,,,,,,,,,,
Compressor Subdomain,Compressor Overload Alarm,,,,,Point,,,Bharath,,,,,,,,,,,,,,,,,,,,,,,,,,,,
Demand Response/Load Shed Subdomain,Load Shed Command,,,,,Point,,,Bharath,,,,,,,,,,,,,,,,,,,,,,,,,,,,
Demand Response/Load Shed Subdomain,Load Shed Status,,,,,,,,,,,,,,,,,,,,,,,,,,,,,,,,,,,,
Demand Response/Load Shed Subdomain,Zone Standby Load Shed Command,,,,,Point,,,Bharath,,,,,,,,,,,,,,,,,,,,,,,,,,,,
Demand Response/Load Shed Subdomain,Zone Unoccupied Load Shed Command,,,,,Point,,,Bharath,,,,,,,,,,,,,,,,,,,,,,,,,,,,
Demand Response/Load Shed Subdomain,Standby Load Shed Switch,,,,,Point,,,Bharath,,,,,,,,,,,,,,,,,,,,,,,,,,,,
Demand Response/Load Shed Subdomain,Chilled Water Differential Pressure Load Shed Status,,,,,Point,,,Bharath,,,,,,,,,,,,,,,,,,,,,,,,,,,,
Demand Response/Load Shed Subdomain,Chilled Water Differential Pressure Load Shed Setpoint,,,,,Point,,,Bharath,,,,,,,,,,,,,,,,,,,,,,,,,,,,
Demand Response/Load Shed Subdomain,Chilled Water Differential Pressure Load Shed Reset,,,,,Point,,,Bharath,,,,,,,,,,,,,,,,,,,,,,,,,,,,
Demand Response/Load Shed Subdomain,Unoccupied Load Shed Switch,,,,,Point,,,Bharath,,,,,,,,,,,,,,,,,,,,,,,,,,,,
Demand Response/Load Shed Subdomain,Medium Temperature Hot Water Differential Pressure,,,,,Measurement Property,,,Jason,,,,,,,,,,,,,,,,,,,,,,,,,,,,
Demand Response/Load Shed Subdomain,Medium Temperature Hot Water Differential Pressure Load Shed Status,,,,,Point,,,Bharath,,,,,,,,,,,,,,,,,,,,,,,,,,,,
Demand Response/Load Shed Subdomain,Medium Temperature Hot Water Differential Pressure Load Shed Setpoint,,,,,Point,,,Bharath,,,,,,,,,,,,,,,,,,,,,,,,,,,,
Demand Response/Load Shed Subdomain,Medium Temperature Hot Water Differential Pressure Load Shed Reset,,,,,Point,,,Bharath,,,,,,,,,,,,,,,,,,,,,,,,,,,,
Demand Response/Load Shed Subdomain,Medium Temperature Hot Water Supply Temperature Load Shed Setpoint,,,,,Point,,,Bharath,,,,,,,,,,,,,,,,,,,,,,,,,,,,
Demand Response/Load Shed Subdomain,Medium Temperature Hot Water Supply Temperature Load Shed Status,,,,,Point,,,Bharath,,,,,,,,,,,,,,,,,,,,,,,,,,,,
Demand Response/Load Shed Subdomain,Medium Temperature Hot Water Differential Pressure Load Shed Reset,,,,,Point,,,Bharath,,,,,,,,,,,,,,,,,,,,,,,,,,,,
Computer Room Air Conditioning Unit Subdomain,CRAC Stages,,,,,Point,,,Bharath,,,,,,,,,,,,,,,,,,,,,,,,,,,,
Computer Room Air Conditioning Unit Subdomain,CRAC Temperature,,,,,Measurement Property,,,Jason,,,,,,,,,,,,,,,,,,,,,,,,,,,,
Computer Room Air Conditioning Unit Subdomain,Computer Room Air Conditioning,,,,CRAC,Equipment,,,Bharath,,,,,,,,,,,,,,,,,,,,,,,,,,,,
Computer Room Air Conditioning Unit Subdomain,Condensate Leak Alarm,,,,,Point,,,Bharath,,,,,,,,,,,,,,,,,,,,,,,,,,,,
Computer Room Air Conditioning Unit Subdomain,Cooling On Off Status,,,,,Point,,,Bharath,,,,,,,,,,,,,,,,,,,,,,,,,,,,
Computer Room Air Conditioning Unit Subdomain,System Status,,,,,Point,,,Bharath,,,,,,,,,,,,,,,,,,,,,,,,,,,,
Computer Room Air Conditioning Unit Subdomain,Dehumidification On Off Status,,,,,Point,,,Bharath,,,,,,,,,,,,,,,,,,,,,,,,,,,,
Computer Room Air Conditioning Unit Subdomain,Heating On Off Status,,,,,Point,,,Bharath,,,,,,,,,,,,,,,,,,,,,,,,,,,,
Computer Room Air Conditioning Unit Subdomain,Humidification On Off Status,,,,,Point,,,Bharath,,,,,,,,,,,,,,,,,,,,,,,,,,,,
Computer Room Air Conditioning Unit Subdomain,Econ-O-Cycle On Off Status,,,,,Point,,,Bharath,,,,,,,,,,,,,,,,,,,,,,,,,,,,
Computer Room Air Conditioning Unit Subdomain,High Temperature Alarm,,,,,Point,,,Bharath,,,,,,,,,,,,,,,,,,,,,,,,,,,,
Computer Room Air Conditioning Unit Subdomain,High Temperature Alarm Setpoint,,,,,Point,,,Bharath,,,,,,,,,,,,,,,,,,,,,,,,,,,,
Computer Room Air Conditioning Unit Subdomain,High Humidity Alarm,,,,,Point,,,Bharath,,,,,,,,,,,,,,,,,,,,,,,,,,,,
Computer Room Air Conditioning Unit Subdomain,High Humidity Alarm Setpoint,,,,,Point,,,Bharath,,,,,,,,,,,,,,,,,,,,,,,,,,,,
Computer Room Air Conditioning Unit Subdomain,Humidifier Alarm,,,,,Point,,,Bharath,,,,,,,,,,,,,,,,,,,,,,,,,,,,
Computer Room Air Conditioning Unit Subdomain,Humidifier Fault Indicator,,,,,Point,,,,,,,,,,,,,,,,,,,,,,,,,,,,,,,
Computer Room Air Conditioning Unit Subdomain,Humidify Command,,,,,Point,,,Josh,,,,,,,,,,,,,,,,,,,,,,,,,,,,
Computer Room Air Conditioning Unit Subdomain,Humidity Sensor,,,,,Point,,,Bharath,,,,,,,,,,,,,,,,,,,,,,,,,,,,
Computer Room Air Conditioning Unit Subdomain,Humidity Setpoint,,,,,Point,,,Bharath,,,,,,,,,,,,,,,,,,,,,,,,,,,,
Computer Room Air Conditioning Unit Subdomain,Liquid Detected Alarm,,,,,Point,,,Bharath,,,,,,,,,,,,,,,,,,,,,,,,,,,,
Computer Room Air Conditioning Unit Subdomain,Air Flow Loss Alarm,,,,,Point,,,Bharath,,,,,,,,,,,,,,,,,,,,,,,,,,,,
Computer Room Air Conditioning Unit Subdomain,Communication Loss Alarm,,,,,Point,,,Bharath,,,,,,,,,,,,,,,,,,,,,,,,,,,,
Computer Room Air Conditioning Unit Subdomain,Power Loss Alarm,,,,,Point,,,Bharath,,,,,,,,,,,,,,,,,,,,,,,,,,,,
Computer Room Air Conditioning Unit Subdomain,Emergency Power Loss Alarm,,,,,Point,,,Bharath,,,,,,,,,,,,,,,,,,,,,,,,,,,,
Computer Room Air Conditioning Unit Subdomain,Water Loss Alarm,,,,,Point,,,Bharath,,,,,,,,,,,,,,,,,,,,,,,,,,,,
Computer Room Air Conditioning Unit Subdomain,CRAC Pump Start Stop Command,,,,,Point,,,Bharath,,,,,,,,,,,,,,,,,,,,,,,,,,,,
Computer Room Air Conditioning Unit Subdomain,Low Humidity Alarm,,,,,Point,,,Bharath,,,,,,,,,,,,,,,,,,,,,,,,,,,,
Computer Room Air Conditioning Unit Subdomain,Low Humidity Alarm Setpoint,,,,,Point,,,Bharath,,,,,,,,,,,,,,,,,,,,,,,,,,,,
Computer Room Air Conditioning Unit Subdomain,Low Suction Pressure Alarm,,,,,Point,,,Bharath,,,,,,,,,,,,,,,,,,,,,,,,,,,,
Computer Room Air Conditioning Unit Subdomain,Low Temperature Alarm,,,,,Point,,,Bharath,,,,,,,,,,,,,,,,,,,,,,,,,,,,
Computer Room Air Conditioning Unit Subdomain,Low Temperature Alarm Setpoint,,,,,Point,,,Bharath,,,,,,,,,,,,,,,,,,,,,,,,,,,,
Computer Room Air Conditioning Unit Subdomain,Fan Overload Alarm,,,,,Point,,,Bharath,,,Also part of CRAC,,,,,,,,,,,,,,,,,,,,,,,,,
Computer Room Air Conditioning Unit Subdomain,Emergency Power Off,,,,,Point,,,Bharath,,,,,,,,,,,,,,,,,,,,,,,,,,,,
Computer Room Air Conditioning Unit Subdomain,Emergency Power Off System,,,,,Point,,,Bharath,,,,,,,,,,,,,,,,,,,,,,,,,,,,
Computer Room Air Conditioning Unit Subdomain,Emergency Power Off System Enable,,,,,Point,,,Jason,,,,,,,,,,,,,,,,,,,,,,,,,,,,
Computer Room Air Conditioning Unit Subdomain,Emergency Power Off Switch,,Emergency Power Off Command,,,Point,,,Bharath,,,,,,,,,,,,,,,,,,,,,,,,,,,,
Computer Room Air Conditioning Unit Subdomain,High Head Pressure Alarm,,,,,Point,,,Jason,,,,,,,,,,,,,,,,,,,,,,,,,,,,
Computer Room Air Conditioning Unit Subdomain,Humidity Tolerance,,,,,Point,,,Jason,,,,,,,,,,,,,,,,,,,,,,,,,,,,
Computer Room Air Conditioning Unit Subdomain,Temperature Tolerance,,,,,Point,,,Bharath,,,,,,,,,,,,,,,,,,,,,,,,,,,,
Computer Room Air Conditioning Unit Subdomain,Smoke Detected Alarm,,,,,Point,,,Bharath,,,,,,,,,,,,,,,,,,,,,,,,,,,,
Computer Room Air Conditioning Unit Subdomain,Emergency Power Off Activated by High Temperature,,,,,Point,,,Bharath,,,,,,,,,,,,,,,,,,,,,,,,,,,,
Computer Room Air Conditioning Unit Subdomain,Emergency Power Off Activated by Leak Detection System,,,,,Point,,,Bharath,,,,,,,,,,,,,,,,,,,,,,,,,,,,
Computer Room Air Conditioning Unit Subdomain,Standby Fan Status,,,,,Point,,,Bharath,,,,,,,,,,,,,,,,,,,,,,,,,,,,
Computer Room Air Conditioning Unit Subdomain,Standby Glycool Unit On Off Status,,,,,Point,,,Bharath,,,,,,,,,,,,,,,,,,,,,,,,,,,,
Computer Room Air Conditioning Unit Subdomain,Standby Unit On Off Status,,,,,Point,,,Bharath,,,,,,,,,,,,,,,,,,,,,,,,,,,,
Computer Room Air Conditioning Unit Subdomain,Alarm Delay,,,,,Point,,,Bharath,,,,,,,,,,,,,,,,,,,,,,,,,,,,
Computer Room Air Conditioning Unit Subdomain,Emergency Power Off Enable Status,,,,,Point,,,Bharath,,,,,,,,,,,,,,,,,,,,,,,,,,,,
Computer Room Air Conditioning Unit Subdomain,Humidifier Panel No Water Alarm,,,,,Point,,,Bharath,,,,,,,,,,,,,,,,,,,,,,,,,,,,
Computer Room Air Conditioning Unit Subdomain,Temperature Setpoint,,,,,Point,,,Bharath,,,,,,,,,,,,,,,,,,,,,,,,,,,,
Computer Room Air Conditioning Unit Subdomain,Unit Turned Off Locally,,,,,Point,,,Bharath,,,,,,,,,,,,,,,,,,,,,,,,,,,,
Computer Room Air Conditioning Unit Subdomain,Unit Turned Off Remotely,,,,,Point,,,Bharath,,,,,,,,,,,,,,,,,,,,,,,,,,,,
Computer Room Air Conditioning Unit Subdomain,Unit Run Command,,,,,Point,,,Bharath,,,,,,,,,,,,,,,,,,,,,,,,,,,,
Computer Room Air Conditioning Unit Subdomain,Unit Run Status,,,,,Point,,,Bharath,,,,,,,,,,,,,,,,,,,,,,,,,,,,
Computer Room Air Conditioning Unit Subdomain,Unit Hold,,,,,Point,,,Bharath,,,,,,,,,,,,,,,,,,,,,,,,,,,,
Computer Room Air Conditioning Unit Subdomain,Unit Failed Alarm,,,,,Point,,,Bharath,,,,,,,,,,,,,,,,,,,,,,,,,,,,
Computer Room Air Conditioning Unit Subdomain,CRAC Capacity,,,,,Point,,,Josh,,,,,,,,,,,,,,,,,,,,,,,,,,,,
Computer Room Air Conditioning Unit Subdomain,Short Cycle,,,,,,,,,,,,,,,,,,,,,,,,,,,,,,,,,,,,
Computer Room Air Conditioning Unit Subdomain,short cycle alarm,,,,,Point,,,,,,,,,,,,,,,,,,,,,,,,,,,,,,,
Fire Control Panel Subdomain,AHU On Status LED,,,,,,,,,,,,,,,,,,,,,,,,,,,,,,,,,,,,
Fire Control Panel Subdomain,AHU Off Status LED,,,,,,,,,,,,,,,,,,,,,,,,,,,,,,,,,,,,
Fire Control Panel Subdomain,Exhaust Fan On Status LED,,,,,,,,,,,,,,,,,,,,,,,,,,,,,,,,,,,,
Fire Control Panel Subdomain,Exhaust Fan Off Status LED,,,,,,,,,,,,,,,,,,,,,,,,,,,,,,,,,,,,
Location Domain,Room,,,,,Building Region,,,,,,"(A TagSet with single Tag, Jason)",,,,,,,,,,,,,,,,,,,,,,,,,
Location Domain,HVAC Zone,,,,,Building Region,,,,,,,,,,,,,,,,,,,,,,,,,,,,,,,
Location Domain,Floor,,,,,Building Region,,,,,,,,,,,,,,,,,,,,,,,,,,,,,,,
Location Domain,Building,,,,,Building Region,,,,,,,,,,,,,,,,,,,,,,,,,,,,,,,
Physical Concept,Digital Input,,,,,,,,,,,,,,,,,,,,,,,,,,,,,,,,,,,,
Physical Concept,Analog Input,,,,,,,,,,,,,,,,,,,,,,,,,,,,,,,,,,,,
Physical Concept,Digital Output,,,,,,,,,,,,,,,,,,,,,,,,,,,,,,,,,,,,
Physical Concept,Analog Output,,,,,,,,,,,,,,,,,,,,,,,,,,,,,,,,,,,,
Physical Concept,Air Flow,,,,,,,,Jason,,,,,,,,,,,,,,,,,,,,,,,,,,,,
Power Domain,Power Meter,,,,,Equipment,,,Jason,,,,,,,,,,,,,,,,,,,,,,,,,,,,
Emergency Generator Subdomain,Emergency Generator Alarm,,,,,Point,,,Bharath,,,,,,,,,,,,,,,,,,,,,,,,,,,,
Emergency Generator Subdomain,Emergency Generator Status,,,,,Point,,,Bharath,,,,,,,,,,,,,,,,,,,,,,,,,,,,
Solar Panel Domain,Battery Voltage,,,,,Measurement Property,,,Bharath,,,,,,,,,,,,,,,,,,,,,,,,,,,,
Solar Panel Domain,PV Current Output,,PV System Output,,,Measurement Property,,,Bharath,,,,,,,,,,,,,,,,,,,,,,,,,,,,
Solar Panel Domain,Solar Azimuth Angle,,,,,Measurement Property,,,Bharath,,,,,,,,,,,,,,,,,,,,,,,,,,,,
Solar Panel Domain,Solar Zenith Angle,,,,,Measurement Property,,,Bharath,,,,,,,,,,,,,,,,,,,,,,,,,,,,
Weather Domain,Outside Enthalpy,,,,,Measurement Property,,,Bharath,,,,,,,,,,,,,,,,,,,,,,,,,,,,
Weather Domain,Relative Humidity,,,,,Measurement Property,,,Bharath,,,,,,,,,,,,,,,,,,,,,,,,,,,,
Weather Domain,Wind Direction,,,,,Measurement Property,,,Jason,,,,,,,,,,,,,,,,,,,,,,,,,,,,
Weather Domain,Wind Speed,,,,,Measurement Property,,,Jason,,,,,,,,,,,,,,,,,,,,,,,,,,,,
Weather Domain,Solar Radiance,,,,,Measurement Property,,,Jason,,,,,,,,,,,,,,,,,,,,,,,,,,,,
Steam Domain,Monthly Usage to Date,,,,,Point,,,Josh,,,,,,,,,,,,,,,,,,,,,,,,,,,,
Steam Domain,Yearly Usage To Date,,,,,Point,,,Josh,,,,,,,,,,,,,,,,,,,,,,,,,,,,
Steam Domain,Usage Today,,,,,Point,,,Josh,,,,,,,,,,,,,,,,,,,,,,,,,,,,
Steam Domain,Peak Energy Today,,,,,Point,,,Josh,,,,,,,,,,,,,,,,,,,,,,,,,,,,
Steam Domain,Current Usage,,,,,Point,,,Josh,,,,,,,,,,,,,,,,,,,,,,,,,,,,
Time Domain,Even Month Indicator,,,,,Point,,,Bharath,,,,,,,,,,,,,,,,,,,,,,,,,,,,
